sheet_id,question_en,question_fr,file_name,survey_date
admc19,"Administration of COVID-19 questions: CAPI RANDOMISATION: automated random allocation to Group 1 or Group 2, each comprising approximately half of the sample. K3 should be programmed automatically in the CAPI script and NOT displayed/asked in the interview.RECORD OUTCOME OF CAPI RANDOMISATION",,ESS10e03_3,2020-06-01
admrclc,"Administration of reduce climate change: RECORD OUTCOME OF CAPI RANDOMISATION IF NOT CODE 55 AT C30 (IF C30 = 01, 02, 03, 04, 05, 77, 88)RECORD OUTCOME OF CAPI RANDOMISATION",,ESS11e04_1,2023-06-01
allbpe,"Allow unskilled labourers from [poor European country providing largest number of migrants]: ASK IF D29 = 3 STILL CARD 42Using the same card, please tell me to what extent you think [country] should allow unskilled labourers from [poor European country providing largest number of migrants] to come to live in [country]?",,ESS7e02_3,2014-06-01
allbpne,"Allow unskilled labourers from [poor non-European country providing largest number of migrants]: ASK IF D29 = 4 STILL CARD 42Using the same card, please tell me to what extent you think [country] should allow unskilled labourers from [poor country outside Europe providing largest number of migrants] to come to live in [country]?",,ESS7e02_3,2014-06-01
alpfpe,"Allow professionals from [poor European country providing largest number of migrants]: ASK IF D29 = 1 STILL CARD 42Using the same card, please tell me to what extent you think [country] should allow professionals from [poor European country providing largest number of migrants] to come to live in [country]?",,ESS7e02_3,2014-06-01
alpfpne,"Allow professionals from [poor non-European country providing largest number of migrants]: ASK IF D29 = 2 STILL CARD 42Using the same card, please tell me to what extent you think [country] should allow professionals from [poor country outside Europe providing largest number of migrants] to come to live in [country]?",,ESS7e02_3,2014-06-01
banhhap,Favour ban sale of least energy efficient household appliances to reduce climate change: ASK ALL CARD 44To what extent are you in favour or against the following policies in [country] to reduce climate change? A law banning the sale of the least energy efficient household appliances.READ OUT EACH STATEMENT AND CODE IN GRID,,ESS8e02_3,2016-06-01
bghtprd,"Bought product for political/ethical/environment reason last 12 months: ASK ALLThere are different ways of trying to improve things in [country] or help prevent things from going wrong. During the last 12 months, have you done any of the following? Firstly ...Deliberately bought certain products for political, ethical or environmental reasonsREAD OUT",,ESS1e06_7,2002-06-01
btminfr,"Bottom 10% full-time employees in country, earning less than [amount], how fair: STILL CARD 65And now please think about the bottom 10% of employees working full-time in [country], earning less than [amount per month or per year]. In your opinion, are these incomes unfairly low, fair, or unfairly high? Please think generally about people earning this level of incomes.INTERVEIWER: If the respondent needs additional instructions on how to use the scale, please say: If you think these incomes are unfairly low, please choose a number from the left-hand side. If you think these incomes are fair, please choose 0. If you think these incomes are unfairly high, please choose a number from the right-hand side.",,ESS9e03_3,2018-06-01
c19spwrk,"Speak with people you work with in person, how often compared with before COVID-19: ASK IF RESPONDENT DID NOT REPORT HAVING NO LINE MANAGER AT G44 AND NO COLLEAGUES AT G53 (IF G44 = 00, 01, 02, 03, 04, 05, 06, 07, 08, 09, 10, 77, 88 OR IF G53 = 01, 02, 03, 04, 05, 06, 07, 77, 88) 
For the next few questions, please think about all the people you work with, regardless of whether they are your line manager or your colleagues.Now think about occasions where you and {him/her} are physically in the same location. Compared with before the coronavirus pandemic, would you say that you speak with {him/her} in person...READ OUT...",,ESS10e03_3,2020-06-01
ccgdbd,"Climate change good or bad impact across world: CARD 42How good or bad do you think the impact of climate change will be on people across the world? Please choose a number from 0 to 10, where 0 is extremely bad and 10 is extremely good.",,ESS8e02_3,2016-06-01
ccrdprs,"To what extent feel personal responsibility to reduce climate change: CARD 30
ASK IF NOT CODE 55 AT C30 (IF C30 = 01, 02, 03, 04, 05, 77, 88)To what extent do you feel a personal responsibility to try to reduce climate change?",,ESS11e04_1,2023-06-01
chpldmc,"In country government changes policies in response to what most people think: ASK IF GOVERNMENT SHOULD CHANGE ITS PLANNED POLICIES, IT DEPENDS, REFUSAL OR DON'T KNOW AT D25 (IF D25 = 1, 5, 7, 8)
CARD 39Using this card, please tell me how often you think the government in [country] today changes its planned policies in response to what most people think?",,ESS10e03_3,2020-06-01
clmchng,Do you think world's climate is changing: CARD 37You may have heard the idea that the world's climate is changing due to increases in temperature over the past 100 years. What is your personal opinion on this? Do you think the world's climate is changing?Choose your answer from this card.,,ESS8e02_3,2016-06-01
clmthgt1,How much thought about climate change before today: ASK IF DEFINITELY NOT CHANGING AT D19 (code 4) CARD 38How much have you thought about climate change before today?,,ESS8e02_3,2016-06-01
clmthgt2,How much thought about climate change before today: CARD 38How much have you thought about climate change before today?,,ESS8e02_3,2016-06-01
cltommb,"Cultural /hobby activity organisation, last 12 months: member: CARD 43For each of the voluntary organisations I will now mention, please use this card to tell me whether any of these things apply to you now or in the last 12 months, and, if so, which. ...an organisation for cultural or hobby activities? MemberREAD OUT EACH ORGANISATION IN TURN. PROBE:'Which others?' CODE ALL THAT APPLY FOR EACH ORGANISATION",,ESS1e06_7,2002-06-01
cnsoptp,"Consumer/automobile organisation, last 12 months: participated: CARD 43For each of the voluntary organisations I will now mention, please use this card to tell me whether any of these things apply to you now or in the last 12 months, and, if so, which. ...a consumer or automobile organisation? ParticipatedREAD OUT EACH ORGANISATION IN TURN. PROBE:'Which others?' CODE ALL THAT APPLY FOR EACH ORGANISATION",,ESS1e06_7,2002-06-01
cptppol,"Confident in own ability to participate in politics: CARD 8And using this card, how confident are you in your own ability to participate in politics?",,ESS7e02_3,2014-06-01
cptppola,Confident in own ability to participate in politics: CARD 8And how confident are you in your own ability to participate in politics?,,ESS11e04_1,2023-06-01
ctstogv,"The courts able to stop the government acting beyond its authority: STILL CARD 37And still thinking generally rather than about [country], how important do you think it is for democracy in general... ...that the courts are able to stop the government acting beyond its authority?READ OUT...",,ESS6e02_7,2012-06-01
ctzchtx,"Citizens should not cheat on taxes: CARD 32Using this card, how much do you agree or disagree with each of these statements? Citizens should not cheat on their taxes.",,ESS2e03_6,2004-06-01
dclagr,"Preferred decision level of agricultural policies: CARD 15Policies can be decided at different levels. Using this card, at which level do you think the following policies should mainly be decided? ...agricultureREAD OUT AND CODE ONE ON EACH LINE",,ESS1e06_7,2002-06-01
dclaid,"Preferred decision level of policies about aid to developing countries: CARD 15Policies can be decided at different levels. Using this card, at which level do you think the following policies should mainly be decided? ...aid to developing countriesREAD OUT AND CODE ONE ON EACH LINE",,ESS1e06_7,2002-06-01
dclcrm,"Preferred decision level of fighting against organised crime policies: CARD 15Policies can be decided at different levels. Using this card, at which level do you think the following policies should mainly be decided? ...fighting against organised crimeREAD OUT AND CODE ONE ON EACH LINE",,ESS1e06_7,2002-06-01
dclenv,"Preferred decision level of environmental protection policies: CARD 15Policies can be decided at different levels. Using this card, at which level do you think the following policies should mainly be decided? ...protecting the environmentREAD OUT AND CODE ONE ON EACH LINE",,ESS1e06_7,2002-06-01
dclmig,"Preferred decision level of immigration and refugees policies: CARD 15Policies can be decided at different levels. Using this card, at which level do you think the following policies should mainly be decided? ...immigration and refugeesREAD OUT AND CODE ONE ON EACH LINE",,ESS1e06_7,2002-06-01
dfprtal,"Different political parties offer clear alternatives to one another: ASK ALL 
CARD 35Using this card, please tell me how important you think it is for democracy in general... ...that different political parties offer clear alternatives to one another?READ OUT...",,ESS10e03_3,2020-06-01
dscrrlg,Discrimination of respondent's group: religion: ASK IF YES AT C18 (IF C18 = 1)On what grounds is your group discriminated against? ReligionPROBE: 'What other grounds?' CODE ALL THAT APPLY,,ESS11e04_1,2023-06-01
dscrsex,Discrimination of respondent's group: sexuality: ASK IF YES AT C18 (IF C18 = 1)On what grounds is your group discriminated against? SexualityPROBE: 'What other grounds?' CODE ALL THAT APPLY,,ESS11e04_1,2023-06-01
dspplvt,"Voters discuss politics with people they know before deciding how to vote: ASK ALL CARD 37Using this card, please tell me how important you think it is for democracy in general... ...that voters discuss politics with people they know before deciding how to vote?READ OUT...",,ESS6e02_7,2012-06-01
ecohenv,"Economic growth always ends up harming environment: CARD 16Using this card, please say to what extent you agree or disagree with each of the following statements Economic growth always ends up harming the environmentREAD OUT EACH STATEMENT AND CODE IN GRID",,ESS1e06_7,2002-06-01
eimgrpc,"Immigrants from Europe: most from rich/poor countries: Now thinking about people coming to live in [country] nowadays from other countries within Europe, would you say that ...",,ESS1e06_7,2002-06-01
eimpcnt,Allow many/few immigrants from poorer countries in Europe: STILL CARD 17And how about people from the poorer countries in Europe?Still use this card.,,ESS7e02_3,2014-06-01
eimrcnt,"Allow many/few immigrants from richer countries in Europe: STILL CARD 24Now, still using this card, to what extent do you think [country] should allow people from the richer countries in Europe to come and live here?",,ESS1e06_7,2002-06-01
elgsun,How much electricity in [country] should be generated from solar power: CARD 35The highlighted box at the top of this card shows a number of energy sources that can be used to generate electricity. Please take a moment to look over them. How much of the electricity used in [country] should be generated from each energy source? And how about sun or solar power?INTERVIEWER: PAUSE TO ALLOW RESPONDENT TO READ THE LIST. Please choose your answer from the options at the bottom of this card.,,ESS8e02_3,2016-06-01
eneffap,"How likely to buy most energy efficient home appliance: ASK ALL CARD 32If you were to buy a large electrical appliance for your home, how likely is it that you would buy one of the most energy efficient ones?",,ESS8e02_3,2016-06-01
eqparep,"Dividing the number of seats in parliament equally between women and men: CARD 64Using this card, to what extent are you in favour or against a legal measure that requires dividing the number of seats in Parliament equally between women and men?",,ESS11e04_1,2023-06-01
eqpaybg,"Bad or good for economy in [country] if women and men receive equal pay for doing the same work: CARD 63Using this card, in general, how bad or good is it for the strength of the economy in [country] if women and men receive equal pay for doing the same work?",,ESS11e04_1,2023-06-01
eqpolbg,"Bad or good for politics in [country] if equal numbers of women and men are in positions of political leadership: CARD 61Using this card, in general, how bad or good is it for politics in [country] if equal numbers of women and men are in positions of political leadership?",,ESS11e04_1,2023-06-01
eudcnbf,"More decisions made by EU: level of benefits in [country] become higher or lower: CARD 56If more decisions were made by the European Union rather than by national governments, do you think the level of social benefits and services provided in [country] would become higher or lower?",,ESS8e02_3,2016-06-01
euftf,"European Union: European unification go further or gone too far: CARD 15Now thinking about the European Union, some say European unification should go further. Others say it has already gone too far. Using this card, what number on the scale best describes your position?",,ESS11e04_1,2023-06-01
eusclbf,"Against or In favour of European Union-wide social benefit scheme: CARD 55It has been proposed that there should be a European Union-wide social benefit scheme for all poor people. In a moment I will ask you to tell me whether you are against or in favour of this scheme. First, look at the highlighted box at the top of this card, which shows the main features of the scheme. A European Union-wide social benefit scheme includes all of the following: ...READ OUT...- The purpose is to guarantee a minimum standard of living for all poor people in the European Union. - The level of social benefit people receive will be adjusted to reflect the cost of living in their country. - The scheme would require richer European Union countries to pay more into such a scheme than poorer European Union countries. INTERVIEWER: PAUSE TO GIVE THE RESPONDENT TIME TO READ CARD. Overall, would you be against or in favour of having such a European Union-wide social benefit scheme?Please choose your answer from the options at the bottom of the card.",,ESS8e02_3,2016-06-01
fineqpy,"Making businesses pay a fine when they pay men more than women for doing the same work: STILL CARD 64Still using this card, to what extent are you in favour or against making businesses pay a fine when they pay men more than women for doing the same work?",,ESS11e04_1,2023-06-01
fplvdm,"Best for democracy: everyone free to express political views, even extreme: There are differing opinions on whether or not everyone should be free to express their political views openly in a democracy, even if they are extreme. Which one of the statements on this card describes what you think is best for democracy in general?",,ESS6e02_7,2012-06-01
fplvdmc,"In country everyone is free to express political views, even extreme: CARD 41Using this card, to what extent do you think everyone in [country] today is free to express their political views openly, even if they are extreme?GO TO E36",,ESS6e02_7,2012-06-01
fplvdmi,"Important for democracy: everyone free to express political views, even extreme: CARD 40How important do you think it is for democracy in general that everyone is free to express their political views openly, even if they are extreme? Please use this card.",,ESS6e02_7,2012-06-01
freinsw,"Firing employees who make insulting comments directed at women in the workplace: STILL CARD 64Still using this card, to what extent are you in favour or against firing employees who make insulting comments to women in the workplace?",,ESS11e04_1,2023-06-01
getavc19,"Whether respondent will get vaccinated against COVID-19 with vaccine approved by the national regulatory authority in country: ASK ALL
ASK IF VACCINE APPROVED AND AVAILABLE TO THE PUBLIC (IF K20CHECK = 1)Will you get vaccinated against coronavirus with a vaccine that was approved by the national regulatory authority in [country]?INTERVIEWER: If respondent says they have only received a first dose of the vaccine, select 'Yes, I already have'.",,ESS10e03_3,2020-06-01
getnvc19,"Whether respondent would get vaccinated against COVID-19 if vaccine is approved by the national regulatory authority in country: ASK IF VACCINE APPROVED AND AVAILABLE TO THE PUBLIC (IF K20CHECK = 2)If a vaccine against coronavirus is approved by the national regulatory authority in Slovenia, would you get vaccinated?",,ESS10e03_3,2020-06-01
gsupplc,"I generally support how the police act: CARD 34Using this card, please say to what extent you agree or disagree with each of the following statements about the police in [country]. I generally support how the police usually act.READ OUT EACH STATEMENT AND CODE IN GRID",,ESS5e03_6,2010-06-01
gvbalc19,How the government balanced protecting the economy and people's health when responding to COVID-19 in country: CARD 95There are different views on how the [country] government balanced protecting the economy and protecting people's health when responding to the coronavirus pandemic. Please say how you think the [country] government responded using the scale on this card.,,ESS10e03_3,2020-06-01
gvcldcr,"Child care services for working parents, governments' responsibility: CARD 48People have different views on what the responsibilities of governments should or should not be. For each of the tasks I read out please tell me on a score of 0-10 how much responsibility you think governments should have. 0 means it should not be governments? responsibility at all and 10 means it should be entirely governments? responsibility. Firstly to... ...ensure sufficient child care services for working parents?READ OUT...",,ESS8e02_3,2016-06-01
gvcodmi,Important for democracy: government formed by coalition: CARD 46How important do you think it is for democracy in general that the government is formed by two or more parties in coalition? Please use this card.,,ESS6e02_7,2012-06-01
gvconc19,"COVID-19 is result of deliberate and concealed efforts of some government or organisation: CARD 97
Using this card, please tell me how much you agree or disagree with the following statement.Coronavirus is the result of deliberate and concealed efforts of some government or organisation",,ESS10e03_3,2020-06-01
gveldc19,"How satisfied with government's response to COVID-19: elderly people in care homes: CARD 94Still using this card, please tell me how satisfied you are with the government's response to the coronavirus pandemic in [country] regarding support for the following groups? Please answer on a score of 0-10, where 0 means extremely dissatisfied and 10 means extremely satisfied. Elderly people in care homes",,ESS10e03_3,2020-06-01
gvfamc19,"How satisfied with government's response to COVID-19: families with school-aged children: CARD 94Still using this card, please tell me how satisfied you are with the government's response to the coronavirus pandemic in [country] regarding support for the following groups? Please answer on a score of 0-10, where 0 means extremely dissatisfied and 10 means extremely satisfied. Families with school-aged children",,ESS10e03_3,2020-06-01
gvhanc19,"How satisfied with government's handling of COVID-19 in country: CARD 94Overall, how satisfied are you with the [country] government's handling of the coronavirus pandemic? Please answer using this card, where 0 means extremely dissatisfied and 10 means extremely satisfied.INTERVIEWER: If the respondent cannot answer due to a change of government during the pandemic period, please select ""Don't know"".",,ESS10e03_3,2020-06-01
gvhlthc,"Health care for the sick, governments' responsibility: CARD 29People have different views on what the responsibilities of governments should or should not be. For each of the tasks I read out please tell me on a score of 0-10 how much responsibility you think governments should have. 0 means it should not be governments? responsibility at all and 10 means it should be entirely governments? responsibility. Firstly to... ...ensure adequate health care for the sick?READ OUT...",,ESS4e04_6,2008-06-01
gvimpc19,"To what extent trust the government to deal with the impact of COVID-19 in country: CARD 96Using this card, please tell me to what extent you trust the national government in [country] to deal with the impact of the coronavirus pandemic. Please answer on a score of 0-10 where 0 means you do not trust the government at all and 10 means you have complete trust.",,ESS10e03_3,2020-06-01
gvjobc19,"How satisfied with government's response to COVID-19: people who have experienced job/income losses: CARD 94Still using this card, please tell me how satisfied you are with the government's response to the coronavirus pandemic in [country] regarding support for the following groups? Please answer on a score of 0-10, where 0 means extremely dissatisfied and 10 means extremely satisfied. People who have experienced job losses or losses of income",,ESS10e03_3,2020-06-01
gvrfgap,"Government should be generous judging applications for refugee status: ASK ALL CARD 31Some people come to this country and apply for refugee status on the grounds that they fear persecution in their own country. Using this card, please say how much you agree or disagree with the following statements. Firstly...The government should be generous in judging people's applications for refugee statusREAD OUT",,ESS8e02_3,2016-06-01
gvspdmi,Important for democracy: government formed by single party: CARD 46How important do you think it is for democracy in general that the government is formed by a single party? Please use this card.,,ESS6e02_7,2012-06-01
gvsrdcc,"How likely, governments in enough countries take action to reduce climate change: STILL CARD 43And how likely do you think it is that governments in enough countries will take action that reduces climate change?",,ESS8e02_3,2016-06-01
hapdkc19,"Things happened since start of COVID-19: don't know: ASK IF RESPONDENT'S D.O.B IS LATER THAN 1950 AT F3. 
CARD 100Using this card, please tell me if any of the following happened to you as a result of the coronavirus pandemic? Please include anything that has happened at any time since the start of the pandemic, even if it is no longer impacting you. Don't knowSelect all that apply.",,ESS10e03_3,2020-06-01
hapfoc19,"Things happened since start of COVID-19: was forced to take unpaid leave/holiday: ASK IF RESPONDENT'S D.O.B IS LATER THAN 1950 AT F3. 
CARD 100Using this card, please tell me if any of the following happened to you as a result of the coronavirus pandemic? Please include anything that has happened at any time since the start of the pandemic, even if it is no longer impacting you. I was forced to take unpaid leave/holidaySelect all that apply.",,ESS10e03_3,2020-06-01
hapfuc19,"Things happened since start of COVID-19: was furloughed: ASK IF RESPONDENT'S D.O.B IS LATER THAN 1950 AT F3. 
CARD 100Using this card, please tell me if any of the following happened to you as a result of the coronavirus pandemic? Please include anything that has happened at any time since the start of the pandemic, even if it is no longer impacting you. I was furloughedSelect all that apply.",,ESS10e03_3,2020-06-01
hapirc19,"Things happened since start of COVID-19: income from job was reduced : ASK IF RESPONDENT'S D.O.B IS LATER THAN 1950 AT F3. 
CARD 100Using this card, please tell me if any of the following happened to you as a result of the coronavirus pandemic? Please include anything that has happened at any time since the start of the pandemic, even if it is no longer impacting you. The income from my job was reducedSelect all that apply.",,ESS10e03_3,2020-06-01
hapljc19,"Things happened since start of COVID-19: was made redundant/lost job: ASK IF RESPONDENT'S D.O.B IS LATER THAN 1950 AT F3. 
CARD 100Using this card, please tell me if any of the following happened to you as a result of the coronavirus pandemic? Please include anything that has happened at any time since the start of the pandemic, even if it is no longer impacting you. I was made redundant/lost my jobSelect all that apply.",,ESS10e03_3,2020-06-01
hapnac19,"Things happened since start of COVID-19: no answer: ASK IF RESPONDENT'S D.O.B IS LATER THAN 1950 AT F3. 
CARD 100Using this card, please tell me if any of the following happened to you as a result of the coronavirus pandemic? Please include anything that has happened at any time since the start of the pandemic, even if it is no longer impacting you. No answerSelect all that apply.",,ESS10e03_3,2020-06-01
hapnoc19,"Things happened since start of COVID-19: none of these: ASK IF RESPONDENT'S D.O.B IS LATER THAN 1950 AT F3. 
CARD 100Using this card, please tell me if any of the following happened to you as a result of the coronavirus pandemic? Please include anything that has happened at any time since the start of the pandemic, even if it is no longer impacting you. None of theseSelect all that apply.",,ESS10e03_3,2020-06-01
hapnpc19,"Things happened since start of COVID-19: not applicable: ASK IF RESPONDENT'S D.O.B IS LATER THAN 1950 AT F3. 
CARD 100Using this card, please tell me if any of the following happened to you as a result of the coronavirus pandemic? Please include anything that has happened at any time since the start of the pandemic, even if it is no longer impacting you. Not applicableSelect all that apply.",,ESS10e03_3,2020-06-01
hapnwc19,"Things happened since start of COVID-19: not in work since start of COVID-19: ASK IF RESPONDENT'S D.O.B IS LATER THAN 1950 AT F3. 
CARD 100Using this card, please tell me if any of the following happened to you as a result of the coronavirus pandemic? Please include anything that has happened at any time since the start of the pandemic, even if it is no longer impacting you. I have not been in work at any time since the start of the pandemicSelect all that apply.",,ESS10e03_3,2020-06-01
haprec19,"Things happened since start of COVID-19: refusal: ASK IF RESPONDENT'S D.O.B IS LATER THAN 1950 AT F3. 
CARD 100Using this card, please tell me if any of the following happened to you as a result of the coronavirus pandemic? Please include anything that has happened at any time since the start of the pandemic, even if it is no longer impacting you. RefusalSelect all that apply.",,ESS10e03_3,2020-06-01
hlpcowk,"Current job: can get support/help from co-workers when needed: CARD 79Using this card, please tell me how true each of the following statements is about your current job. I can get support and help from my co-workers when needed.",,ESS5e03_6,2010-06-01
hmnodm,"Humanitarian organisation etc., last 12 months: donated money: CARD 43For each of the voluntary organisations I will now mention, please use this card to tell me whether any of these things apply to you now or in the last 12 months, and, if so, which. ...an organisation for humanitarian aid, human rights, minorities, or immigrants? Donated moneyREAD OUT EACH ORGANISATION IN TURN. PROBE:'Which others?' CODE ALL THAT APPLY FOR EACH ORGANISATION",,ESS1e06_7,2002-06-01
hmnommb,"Humanitarian organisation etc., last 12 months: member: CARD 43For each of the voluntary organisations I will now mention, please use this card to tell me whether any of these things apply to you now or in the last 12 months, and, if so, which. ...an organisation for humanitarian aid, human rights, minorities, or immigrants? MemberREAD OUT EACH ORGANISATION IN TURN. PROBE:'Which others?' CODE ALL THAT APPLY FOR EACH ORGANISATION",,ESS1e06_7,2002-06-01
hmnona,"Humanitarian organisation etc., last 12 months: no answer: CARD 43For each of the voluntary organisations I will now mention, please use this card to tell me whether any of these things apply to you now or in the last 12 months, and, if so, which. ...an organisation for humanitarian aid, human rights, minorities, or immigrants? No answerREAD OUT EACH ORGANISATION IN TURN. PROBE:'Which others?' CODE ALL THAT APPLY FOR EACH ORGANISATION",,ESS1e06_7,2002-06-01
hmnoptp,"Humanitarian organisation etc., last 12 months: participated: CARD 43For each of the voluntary organisations I will now mention, please use this card to tell me whether any of these things apply to you now or in the last 12 months, and, if so, which. ...an organisation for humanitarian aid, human rights, minorities, or immigrants? ParticipatedREAD OUT EACH ORGANISATION IN TURN. PROBE:'Which others?' CODE ALL THAT APPLY FOR EACH ORGANISATION",,ESS1e06_7,2002-06-01
hmnoref,"Humanitarian organisation etc., last 12 months: refusal: CARD 43For each of the voluntary organisations I will now mention, please use this card to tell me whether any of these things apply to you now or in the last 12 months, and, if so, which. ...an organisation for humanitarian aid, human rights, minorities, or immigrants? RefusalREAD OUT EACH ORGANISATION IN TURN. PROBE:'Which others?' CODE ALL THAT APPLY FOR EACH ORGANISATION",,ESS1e06_7,2002-06-01
hmsacld,"Gay and lesbian couples right to adopt children: CARD 14Using this card, please say to what extent you agree or disagree with each of the following statements. Gay male and lesbian couples should have the same rights to adopt children as straight couples.READ OUT EACH STATEMENT",,ESS11e04_1,2023-06-01
hscopc19,"How satisfied with the way health services coped with COVID-19 and its consequences in country: STILL CARD 94Still using this card, please tell me how satisfied you are with the way health services in [country] coped with the coronavirus pandemic and its consequences?",,ESS10e03_3,2020-06-01
icvacc19,"COVID-19 vaccine approved by national regulatory authority and available to the public in country: INTERVIEWER: IS A CORONAVIRUS VACCINE APPROVED BY THE NATIONAL REGULATORY
AUTHORITY AND AVAILABLE TO THE PUBLIC IN SLOVENIA?",,ESS10e03_3,2020-06-01
imfljob,"Immigrants help to fill jobs where there are shortage of workers: CARD 26Using this card, please say how much you agree or disagree with each of the following statements. Firstly...People who come to live and work here help to fill jobs where there are shortages of workersREAD OUT",,ESS1e06_7,2002-06-01
imgrpc,"Immigrants from outside Europe: from rich/poor countries: And what about people who come to live in [country] nowadays from countries outside Europe, would you say that ...",,ESS1e06_7,2002-06-01
impcntr,Allow many/few immigrants from poorer countries outside Europe: STILL CARD 18How about people from the poorer countries outside Europe?Use the same card.,,ESS11e04_1,2023-06-01
impvo,"Important in life: voluntary organisations: CARD 44Looking at this card, how important is each of these things in your life. Firstly... ...voluntary organisations?READ OUT",,ESS1e06_7,2002-06-01
imrcntr,Allow many/few immigrants from richer countries outside Europe: STILL CARD 24To what extent do you think [country] should allow people from the richer countries outside Europe to come and live here?Use the same card,,ESS1e06_7,2002-06-01
imtcjob,"Immigrants take jobs away in country or create new jobs: CARD 28Using this card, would you say that people who come to live here generally take jobs away from workers in [country], or generally help to create new jobs?",,ESS7e02_3,2014-06-01
imvtctz,"Immigrants only get the right to vote in national elections once they become citizens: STILL CARD 37And still thinking generally rather than about [country], how important do you think it is for democracy in general... ....that immigrants only get the right to vote in national elections once they become citizens?READ OUT...",,ESS6e02_7,2012-06-01
inctxff,"Favour increase taxes on fossil fuels to reduce climate change: ASK ALL CARD 44To what extent are you in favour or against the following policies in [country] to reduce climate change? Increasing taxes on fossil fuels, such as oil, gas and coal.READ OUT EACH STATEMENT AND CODE IN GRID",,ESS8e02_3,2016-06-01
jbcoedu,"Would someone applying for your job need education beyond compulsory: If someone was applying nowadays for the job you do now, would they need any education or vocational schooling beyond compulsory education?",,ESS5e03_6,2010-06-01
keydec,"Key decisions are made by national governments rather than the European Union: STILL CARD 35And still thinking generally rather than about [country], how important do you think it is for democracy in general... ...that key decisions are made by national governments rather than the European Union?READ OUT...",,ESS10e03_3,2020-06-01
keydecc,"In country key decisions are made by national governments rather than the European Union: STILL CARD 36And still using this card, please tell me to what extent you think each of the following statements applies in [country]. Key decisions in [country] are made by the national government rather than the European Union.READ OUT EACH STATEMENT",,ESS10e03_3,2020-06-01
lklmten,"How likely, large numbers of people limit energy use: STILL CARD 43How likely do you think it is that large numbers of people will limit their energy use to try to reduce climate change?",,ESS8e02_3,2016-06-01
lkredcc,"Imagine large numbers of people limit energy use, how likely reduce climate change: CARD 43Now imagine that large numbers of people limited their energy use. How likely do you think it is that this would reduce climate change?",,ESS8e02_3,2016-06-01
lwpeth,Law against promoting racial or ethnic hatred good/bad for a country: CARD 39How good or bad are each of these things for a country? Please use this card. Firstly...A law against promoting racial or ethnic hatredREAD OUT,,ESS1e06_7,2002-06-01
mcpriv,Online/mobile communication undermines personal privacy: CARD 62To what extent would you say that online and mobile communication... ...undermines personal privacy?READ OUT...,,ESS10e03_3,2020-06-01
medcrgv,"The media are free to criticise the government: ASK ALL 
CARD 35Using this card, please tell me how important you think it is for democracy in general... ...that the media are free to criticise the government?READ OUT...",,ESS10e03_3,2020-06-01
medcrgvc,"In country the media are free to criticise the government: CARD 36Using this card, please tell me to what extent you think each of the following statements applies in [country]. 0 means you think the statement does not apply at all and 10 means you think it applies completely. The media in [country] are free to criticise the government.READ OUT EACH STATEMENT",,ESS10e03_3,2020-06-01
meprinf,"The media provide citizens with reliable information to judge the government: STILL CARD 37And still thinking generally rather than about [country], how important do you think it is for democracy in general... ...that the media provide citizens with reliable information to judge the government?READ OUT...",,ESS6e02_7,2012-06-01
othvdm,"Other voluntary organisation, last 12 months: donated money: CARD 43For each of the voluntary organisations I will now mention, please use this card to tell me whether any of these things apply to you now or in the last 12 months, and, if so, which. ...any other voluntary organisation such as the ones I've just mentioned? Donated moneyREAD OUT EACH ORGANISATION IN TURN. PROBE:'Which others?' CODE ALL THAT APPLY FOR EACH ORGANISATION",,ESS1e06_7,2002-06-01
othvmmb,"Other voluntary organisation, last 12 months: member: CARD 43For each of the voluntary organisations I will now mention, please use this card to tell me whether any of these things apply to you now or in the last 12 months, and, if so, which. ...any other voluntary organisation such as the ones I've just mentioned? MemberREAD OUT EACH ORGANISATION IN TURN. PROBE:'Which others?' CODE ALL THAT APPLY FOR EACH ORGANISATION",,ESS1e06_7,2002-06-01
othvna,"Other voluntary organisation, last 12 months: no answer: CARD 43For each of the voluntary organisations I will now mention, please use this card to tell me whether any of these things apply to you now or in the last 12 months, and, if so, which. ...any other voluntary organisation such as the ones I've just mentioned? No answerREAD OUT EACH ORGANISATION IN TURN. PROBE:'Which others?' CODE ALL THAT APPLY FOR EACH ORGANISATION",,ESS1e06_7,2002-06-01
othvnn,"Other voluntary organisation, last 12 months: none apply: CARD 43For each of the voluntary organisations I will now mention, please use this card to tell me whether any of these things apply to you now or in the last 12 months, and, if so, which. ...any other voluntary organisation such as the ones I've just mentioned? NoneREAD OUT EACH ORGANISATION IN TURN. PROBE:'Which others?' CODE ALL THAT APPLY FOR EACH ORGANISATION",,ESS1e06_7,2002-06-01
othvptp,"Other voluntary organisation, last 12 months: participated: CARD 43For each of the voluntary organisations I will now mention, please use this card to tell me whether any of these things apply to you now or in the last 12 months, and, if so, which. ...any other voluntary organisation such as the ones I've just mentioned? ParticipatedREAD OUT EACH ORGANISATION IN TURN. PROBE:'Which others?' CODE ALL THAT APPLY FOR EACH ORGANISATION",,ESS1e06_7,2002-06-01
othvvw,"Other voluntary organisation, last 12 months: voluntary work: CARD 43For each of the voluntary organisations I will now mention, please use this card to tell me whether any of these things apply to you now or in the last 12 months, and, if so, which. ...any other voluntary organisation such as the ones I've just mentioned? Voluntary workREAD OUT EACH ORGANISATION IN TURN. PROBE:'Which others?' CODE ALL THAT APPLY FOR EACH ORGANISATION",,ESS1e06_7,2002-06-01
ownrdcc,"How likely, limiting own energy use reduce climate change: STILL CARD 43How likely do you think it is that limiting your own energy use would help reduce climate change?",,ESS8e02_3,2016-06-01
panclobo,"How important for country to close its borders when fighting a pandemic: CARD 93Using this card, how important is it for [country] to close its borders when fighting a pandemic?",,ESS10e03_3,2020-06-01
panfolru,"More important to follow government rules or to make own decisions when fighting a pandemic: ASK IF GROUP 1 AT K3
Now some more questions on different government priorities when fighting a pandemic.
ASK IF GROUP 2 AT K3
Now some questions on different government priorities when fighting a pandemic.
ASK ALL
CARD 92Is it more important for you personally to follow government rules or to make your own decisions when fighting a pandemic? Please answer on a score from 0-10 using this card, where 0 means it is much more important to follow government rules and 10 means it is much more important to make your own decisions.",,ESS10e03_3,2020-06-01
panmonpb,"More important for governments to monitor and track the public or to maintain public privacy when fighting a pandemic: CARD 91Is it more important for governments to monitor and track the public or to maintain public privacy when fighting a pandemic? Please answer on a score from 0-10 using this card, where 0 means it is much more important to monitor and track the public and 10 means it is much more important to maintain public privacy.",,ESS10e03_3,2020-06-01
panpriph,"More important for governments to prioritise public health or economic activity when fighting a pandemic: ASK IF GROUP 1 AT K3
The next set of questions ask about your opinion on different government priorities when fighting a pandemic.
CARD 90Is it more important to prioritise public health or economic activity when fighting a pandemic? Please answer on a score from 0-10 using this card, where 0 means it is much more important to prioritise public health and 10 means it is much more important to prioritise economic activity.",,ESS10e03_3,2020-06-01
panresmo,"How important to restrict people's movement between different parts of country when fighting a pandemic: STILL CARD 93Still using this card, how important is it to restrict people's movement between different parts of [country] when fighting a pandemic?",,ESS10e03_3,2020-06-01
plciplt,"Decisions and actions of police unduly influenced by political pressure: CARD 34Using this card, please say to what extent you agree or disagree with each of the following statements about the police in [country]. The decisions and actions of the police are unduly influenced by pressure from political parties and politicians.READ OUT EACH STATEMENT AND CODE IN GRID",,ESS5e03_6,2010-06-01
plcipvl,"Police stand up for values that are important to people like me: CARD 34Using this card, please say to what extent you agree or disagree with each of the following statements about the police in [country]. The police stand up for values that are important to people like me.READ OUT EACH STATEMENT AND CODE IN GRID",,ESS5e03_6,2010-06-01
plcpvcr,"How successful police are at preventing crimes in country: CARD 31Based on what you have heard or your own experience how successful do you think the police are at preventing crimes in [country] where violence is used or threatened?Choose your answer from this card, where 0 is extremely unsuccessful and 10 is extremely successful.",,ESS5e03_6,2010-06-01
plcrgwr,"Police have the same sense of right and wrong as me: CARD 34Using this card, please say to what extent you agree or disagree with each of the following statements about the police in [country]. The police generally have the same sense of right and wrong as I do.READ OUT EACH STATEMENT AND CODE IN GRID",,ESS5e03_6,2010-06-01
pltavie,Politicians take into account the views of other European governments: STILL CARD 37And how important do you think it is for democracy in general... ...that politicians take into account the views of other European governments before making decisions?READ OUT...,,ESS6e02_7,2012-06-01
pltaviec,In country politicians take into account the views of other European governments: STILL CARD 38And to what extent does this statement apply in [country]? Politicians in [country] take into account the views of other European governments before making decisions.,,ESS6e02_7,2012-06-01
poltran,"Decisions in country politics are transparent: STILL CARD 54How much would you say that decisions in [country] politics are transparent, meaning that everyone can see how they were made?",,ESS9e03_3,2018-06-01
pplvdmc,"In country people with extreme political views are prevented from expressing them: CARD 41Using this card, to what extent do you think those who hold extreme political views in [country] today are prevented from expressing them openly?",,ESS6e02_7,2012-06-01
pplvdmi,Important for democracy: prevent people from expressing extreme political views: CARD 40How important do you think it is for democracy in general that those who hold extreme political views are prevented from expressing them openly? Please use this card.,,ESS6e02_7,2012-06-01
ppwwkp,Proportion of women at workplace: CARD 81What is the proportion of women at your workplace?,,ESS5e03_6,2010-06-01
prtclabg,"Which party feel closer to, Bulgaria: Which one? (Bulgaria)",,ESS4e04_6,2008-06-01
prtclach,"Which party feel closer to, Switzerland: Which one? (Switzerland)",,ESS3e03_7,2006-06-01
prtclagb,"Which party feel closer to, United Kingdom: Which one? (United Kingdom)",,ESS3e03_7,2006-06-01
prtclalt,"Which party feel closer to, Lithuania: Which one? (Lithuania)",,ESS7e02_3,2014-06-01
prtclame,"Which party feel closer to, Montenegro: Which one? (Montenegro)",,ESS10e03_3,2020-06-01
prtclaru,"Which party feel closer to, Russian Federation: Which one? (Russian Federation)",,ESS4e04_6,2008-06-01
prtclasi,"Which party feel closer to, Slovenia: Which one? (Slovenia)",,ESS2e03_6,2004-06-01
prtclask,"Which party feel closer to, Slovakia: Which one? (Slovakia)",,ESS4e04_6,2008-06-01
prtclbbg,"Which party feel closer to, Bulgaria: Which one? (Bulgaria)",,ESS5e03_6,2010-06-01
prtclbch,"Which party feel closer to, Switzerland: Which one? (Switzerland)",,ESS4e04_6,2008-06-01
prtclbg,"Which party feel closer to, Bulgaria: Which one? (Bulgaria)",,ESS3e03_7,2006-06-01
prtclbgb,"Which party feel closer to, United Kingdom: Which one? (United Kingdom)",,ESS8e02_3,2016-06-01
prtclblt,"Which party feel closer to, Lithuania: Which one? (Lithuania)",,ESS9e03_3,2018-06-01
prtclbme,"Which party feel closer to, Montenegro: Which one? (Montenegro)",,ESS11e04_1,2023-06-01
prtclbru,"Which party feel closer to, Russian Federation: Which one? (Russian Federation)",,ESS5e03_6,2010-06-01
prtclbsi,"Which party feel closer to, Slovenia: Which one? (Slovenia)",,ESS3e03_7,2006-06-01
prtclbsk,"Which party feel closer to, Slovakia: Which one? (Slovakia)",,ESS5e03_6,2010-06-01
prtclcbg,"Which party feel closer to, Bulgaria: Which one? (Bulgaria)",,ESS6e02_7,2012-06-01
prtclcch,"Which party feel closer to, Switzerland: Which one? (Switzerland)",,ESS5e03_6,2010-06-01
prtclcgb,"Which party feel closer to, United Kingdom: Which one? (United Kingdom)",,ESS9e03_3,2018-06-01
prtclch,"Which party feel closer to, Switzerland: Which one? (Switzerland)",,ESS2e03_6,2004-06-01
prtclclt,"Which party feel closer to, Lithuania: Which one? (Lithuania)",,ESS11e04_1,2023-06-01
prtclcru,"Which party feel closer to, Russian Federation: Which one? (Russian Federation)",,ESS6e02_7,2012-06-01
prtclcsi,"Which party feel closer to, Slovenia: Which one? (Slovenia)",,ESS5e03_6,2010-06-01
prtclcsk,"Which party feel closer to, Slovakia: Which one? (Slovakia)",,ESS6e02_7,2012-06-01
prtcldbg,"Which party feel closer to, Bulgaria: Which one? (Bulgaria)",,ESS9e03_3,2018-06-01
prtcldch,"Which party feel closer to, Switzerland: Which one? (Switzerland)",,ESS6e02_7,2012-06-01
prtcldgb,"Which party feel closer to, United Kingdom: Which one? (United Kingdom)",,ESS11e04_1,2023-06-01
prtcldru,"Which party feel closer to, Russian Federation: Which one? (Russian Federation)",,ESS8e02_3,2016-06-01
prtcldsi,"Which party feel closer to, Slovenia: Which one? (Slovenia)",,ESS6e02_7,2012-06-01
prtcldsk,"Which party feel closer to, Slovakia: Which one? (Slovakia)",,ESS9e03_3,2018-06-01
prtclebg,"Which party feel closer to, Bulgaria: Which one? (Bulgaria)",,ESS10e03_3,2020-06-01
prtclech,"Which party feel closer to, Switzerland: Which one? (Switzerland)",,ESS7e02_3,2014-06-01
prtclesi,"Which party feel closer to, Slovenia: Which one? (Slovenia)",,ESS8e02_3,2016-06-01
prtclesk,"Which party feel closer to, Slovakia: Which one? (Slovakia)",,ESS11e04_1,2023-06-01
prtclfbg,"Which party feel closer to, Bulgaria: Which one? (Bulgaria)",,ESS11e04_1,2023-06-01
prtclfch,"Which party feel closer to, Switzerland: Which one? (Switzerland)",,ESS8e02_3,2016-06-01
prtclfsi,"Which party feel closer to, Slovenia: Which one? (Slovenia)",,ESS10e03_3,2020-06-01
prtclgb,"Which party feel closer to, United Kingdom: Which one? (United Kingdom)",,ESS6e02_7,2012-06-01
prtclgch,"Which party feel closer to, Switzerland: Which one? (Switzerland)",,ESS9e03_3,2018-06-01
prtclgsi,"Which party feel closer to, Slovenia: Which one? (Slovenia)",,ESS11e04_1,2023-06-01
prtclhch," Which party feel closer to, Switzerland: Which one? (Switzerland)",,ESS11e04_1,2023-06-01
prtcllt,"Which party feel closer to, Lithuania: Which one? (Lithuania)",,ESS5e03_6,2010-06-01
prtclme,"Which party feel closer to, Montenegro: Which one? (Montenegro)",,ESS9e03_3,2018-06-01
prtclru,"Which party feel closer to, Russian Federation: Which one? (Russian Federation)",,ESS3e03_7,2006-06-01
prtclsi,"Which party feel closer to, Slovenia: Which one? (Slovenia)",,ESS1e06_7,2002-06-01
prtclsk,"Which party feel closer to, Slovakia: Which one? (Slovakia)",,ESS2e03_6,2004-06-01
prtmbabg,"Member of which party, Bulgaria: Which one? (Bulgaria)",,ESS4e04_6,2008-06-01
prtmbach,"Member of which party, Switzerland: Which one? (Switzerland)",,ESS3e03_7,2006-06-01
prtmbagb,"Member of which party, United Kingdom: Which one? (United Kingdom)",,ESS3e03_7,2006-06-01
prtmbanl,"Member of which party, Netherlands: Which one? (Netherlands)",,ESS2e03_6,2004-06-01
prtmbapt,"Member of which party, Portugal: Which one? (Portugal)",,ESS4e04_6,2008-06-01
prtmbasi,"Member of which party, Slovenia: Which one? (Slovenia)",,ESS2e03_6,2004-06-01
prtmbask,"Member of which party, Slovakia: Which one? (Slovakia)",,ESS4e04_6,2008-06-01
prtmbbbg,"Member of which party, Bulgaria: Which one? (Bulgaria)",,ESS5e03_6,2010-06-01
prtmbbch,"Member of which party, Switzerland: Which one? (Switzerland)",,ESS4e04_6,2008-06-01
prtmbbg,"Member of which party, Bulgaria: Which one? (Bulgaria)",,ESS3e03_7,2006-06-01
prtmbbnl,"Member of which party, Netherlands: Which one? (Netherlands)",,ESS4e04_6,2008-06-01
prtmbbpt,"Member of which party, Portugal: Which one? (Portugal)",,ESS5e03_6,2010-06-01
prtmbbsi,"Member of which party, Slovenia: Which one? (Slovenia)",,ESS3e03_7,2006-06-01
prtmbbsk,"Member of which party, Slovakia: Which one? (Slovakia)",,ESS5e03_6,2010-06-01
prtmbcch,"Member of which party, Switzerland: Which one? (Switzerland)",,ESS5e03_6,2010-06-01
prtmbch,"Member of which party, Switzerland: Which one? (Switzerland)",,ESS2e03_6,2004-06-01
prtmbcnl,"Member of which party, Netherlands: Which one? (Netherlands)",,ESS5e03_6,2010-06-01
prtmbcsi,"Member of which party, Slovenia: Which one? (Slovenia)",,ESS5e03_6,2010-06-01
prtmbgb,"Member of which party, United Kingdom: Which one? (United Kingdom)",,ESS5e03_6,2010-06-01
prtmblt,"Member of which party, Lithuania: Which one? (Lithuania)",,ESS5e03_6,2010-06-01
prtmbnl,"Member of which party, Netherlands: Which one? (Netherlands)",,ESS3e03_7,2006-06-01
prtmbpt,"Member of which party, Portugal: Which one? (Portugal)",,ESS2e03_6,2004-06-01
prtmbsi,"Member of which party, Slovenia: Which one? (Slovenia)",,ESS1e06_7,2002-06-01
prtmbsk,"Member of which party, Slovakia: Which one? (Slovakia)",,ESS2e03_6,2004-06-01
prtsick,"Employees often pretend they are sick to stay at home: CARD 39Using this card, please say how much you agree or disagree with each of the following statements about people in [country]. Employees often pretend they are sick in order to stay at home.READ OUT EACH STATEMENT AND CODE IN GRID",,ESS4e04_6,2008-06-01
prtyban,"Ban political parties that wish overthrow democracy: CARD 12Using this card, please say to what extent you agree or disagree with each of the following statements Political parties that wish to overthrow democracy should be bannedREAD OUT EACH STATEMENT AND CODE IN GRID",,ESS5e03_6,2010-06-01
prtyptp,"Political party, last 12 months: participated: CARD 43For each of the voluntary organisations I will now mention, please use this card to tell me whether any of these things apply to you now or in the last 12 months, and, if so, which. ...a political party? ParticipatedREAD OUT EACH ORGANISATION IN TURN. PROBE:'Which others?' CODE ALL THAT APPLY FOR EACH ORGANISATION",,ESS1e06_7,2002-06-01
reshhc19,Anyone living with respondent had COVID-19: CARD 99Has anyone living with you had coronavirus?Please answer using this card.,,ESS10e03_3,2020-06-01
rfgbfml,"Granted refugees should be entitled to bring close family members: ASK ALL CARD 31Some people come to this country and apply for refugee status on the grounds that they fear persecution in their own country. Using this card, please say how much you agree or disagree with the following statements. Firstly...Refugees whose applications are granted should be entitled to bring in their close family membersREAD OUT",,ESS8e02_3,2016-06-01
rfgfrpc,"Most refugee applicants not in real fear of persecution own countries: ASK ALL CARD 31Some people come to this country and apply for refugee status on the grounds that they fear persecution in their own country. Using this card, please say how much you agree or disagree with the following statements. Firstly...Most applicants for refugee status aren't in real fear of persecution in their own countriesREAD OUT",,ESS8e02_3,2016-06-01
rfggvfn,"Financial support to refugee applicants while cases considered: CARD 40Using this card, please say how much you agree or disagree with the following statements. Firstly ...While their cases are being considered, the [country] government should give financial support to applicantsREAD OUT",,ESS1e06_7,2002-06-01
rghmgpr,"The rights of minority groups are protected: ASK ALL
CARD 35Using this card, please tell me how important you think it is for democracy in general.... ...that the rights of minority groups are protected?READ OUT...",,ESS10e03_3,2020-06-01
rlgdeapt,"Religion or denomination belonging to in the past, Portugal: Which one? (Portugal)",,ESS11e04_1,2023-06-01
rlgdecy,"Religion or denomination belonging to in the past, Cyprus: ASK IF YES AT C13 (IF C13 = 1)Which one? (Cyprus)",,ESS11e04_1,2023-06-01
rlgdehu,"Religion or denomination belonging to in the past, Hungary: ASK IF YES AT C13 (IF C13 = 1)Which one? (Hungary)",,ESS11e04_1,2023-06-01
rlgdept,"Religion or denomination belonging to in the past, Portugal: Which one? (Portugal)",,ESS6e02_7,2012-06-01
rlgders,"Religion or denomination belonging to in the past, Serbia: ASK IF YES AT C13 (IF C13 = 1)Which one? (Serbia)",,ESS9e03_3,2018-06-01
rlgdnais,"Religion or denomination belonging to at present, Iceland: ASK IF YES AT C11 (code 1)Which one? (Iceland)",,ESS11e04_1,2023-06-01
rlgdnapt,"Religion or denomination belonging to at present, Portugal: Which one? (Portugal)",,ESS11e04_1,2023-06-01
rlgdncy,"Religion or denomination belonging to at present, Cyprus: ASK IF YES AT C11 (IF C11 = 1)Which one? (Cyprus)",,ESS11e04_1,2023-06-01
rlgdnhu,"Religion or denomination belonging to at present, Hungary: ASK IF YES AT C11 (IF C11 = 1)Which one? (Hungary)",,ESS11e04_1,2023-06-01
rlgdnis,"Religion or denomination belonging to at present, Iceland: ASK IF YES AT C11 (code 1)Which one? (Iceland)",,ESS8e02_3,2016-06-01
rlgdnpt,"Religion or denomination belonging to at present, Portugal: Which one? (Portugal)",,ESS6e02_7,2012-06-01
rlgdnrs,"Religion or denomination belonging to at present, Serbia: ASK IF YES AT C11 (IF C11 = 1)Which one? (Serbia)",,ESS9e03_3,2018-06-01
rlgueim,"Religious beliefs and practices undermined or enriched by immigrants: ASK ALL CARD 37Using this card, do you think the religious beliefs and practices in [country] are generally undermined or enriched by people coming to live here from other countries?",,ESS7e02_3,2014-06-01
sbprvpv,Social benefits/services prevent widespread poverty: CARD 49Using this card please tell me to what extent you agree or disagree that social benefits and services in [country]... ....prevent widespread poverty?READ OUT...,,ESS8e02_3,2016-06-01
sbsrnen,Favour subsidise renewable energy to reduce climate change: ASK ALL CARD 44To what extent are you in favour or against the following policies in [country] to reduce climate change? Using public money to subsidise renewable energy such as wind and solar power.READ OUT EACH STATEMENT AND CODE IN GRID,,ESS8e02_3,2016-06-01
sclcdm,"Social club etc., last 12 months: donated money: CARD 43For each of the voluntary organisations I will now mention, please use this card to tell me whether any of these things apply to you now or in the last 12 months, and, if so, which. ...a social club, club for the young, the retired/elderly, women, or friendly societies? Donated moneyREAD OUT EACH ORGANISATION IN TURN. PROBE:'Which others?' CODE ALL THAT APPLY FOR EACH ORGANISATION",,ESS1e06_7,2002-06-01
sclcmmb,"Social club etc., last 12 months: member: CARD 43For each of the voluntary organisations I will now mention, please use this card to tell me whether any of these things apply to you now or in the last 12 months, and, if so, which. ...a social club, club for the young, the retired/elderly, women, or friendly societies? MemberREAD OUT EACH ORGANISATION IN TURN. PROBE:'Which others?' CODE ALL THAT APPLY FOR EACH ORGANISATION",,ESS1e06_7,2002-06-01
sclcna,"Social club etc., last 12 months: no answer: CARD 43For each of the voluntary organisations I will now mention, please use this card to tell me whether any of these things apply to you now or in the last 12 months, and, if so, which. ...a social club, club for the young, the retired/elderly, women, or friendly societies? No answerREAD OUT EACH ORGANISATION IN TURN. PROBE:'Which others?' CODE ALL THAT APPLY FOR EACH ORGANISATION",,ESS1e06_7,2002-06-01
sclcnn,"Social club etc., last 12 months: none apply: CARD 43For each of the voluntary organisations I will now mention, please use this card to tell me whether any of these things apply to you now or in the last 12 months, and, if so, which. ...a social club, club for the young, the retired/elderly, women, or friendly societies? NoneREAD OUT EACH ORGANISATION IN TURN. PROBE:'Which others?' CODE ALL THAT APPLY FOR EACH ORGANISATION",,ESS1e06_7,2002-06-01
sclcptp,"Social club etc., last 12 months: participated: CARD 43For each of the voluntary organisations I will now mention, please use this card to tell me whether any of these things apply to you now or in the last 12 months, and, if so, which. ...a social club, club for the young, the retired/elderly, women, or friendly societies? ParticipatedREAD OUT EACH ORGANISATION IN TURN. PROBE:'Which others?' CODE ALL THAT APPLY FOR EACH ORGANISATION",,ESS1e06_7,2002-06-01
sclcref,"Social club etc., last 12 months: refusal: CARD 43For each of the voluntary organisations I will now mention, please use this card to tell me whether any of these things apply to you now or in the last 12 months, and, if so, which. ...a social club, club for the young, the retired/elderly, women, or friendly societies? RefusalREAD OUT EACH ORGANISATION IN TURN. PROBE:'Which others?' CODE ALL THAT APPLY FOR EACH ORGANISATION",,ESS1e06_7,2002-06-01
sclcvw,"Social club etc., last 12 months: voluntary work: CARD 43For each of the voluntary organisations I will now mention, please use this card to tell me whether any of these things apply to you now or in the last 12 months, and, if so, which. ...a social club, club for the young, the retired/elderly, women, or friendly societies? Voluntary workREAD OUT EACH ORGANISATION IN TURN. PROBE:'Which others?' CODE ALL THAT APPLY FOR EACH ORGANISATION",,ESS1e06_7,2002-06-01
sgnptit,"Signed petition last 12 months: ASK ALLThere are different ways of trying to improve things in [country] or help prevent things from going wrong. During the last 12 months, have you done any of the following? Have you... ...signed a petition?READ OUT...",,ESS11e04_1,2023-06-01
sptcdm,"Sports/outdoor activity club, last 12 months: donated money: CARD 43For each of the voluntary organisations I will now mention, please use this card to tell me whether any of these things apply to you now or in the last 12 months, and, if so, which. ...Firstly, a sports club or club for out-door activities? Donated moneyREAD OUT EACH ORGANISATION IN TURN. PROBE:'Which others?' CODE ALL THAT APPLY FOR EACH ORGANISATION",,ESS1e06_7,2002-06-01
sptcmmb,"Sports/outdoor activity club, last 12 months: member: CARD 43For each of the voluntary organisations I will now mention, please use this card to tell me whether any of these things apply to you now or in the last 12 months, and, if so, which. ...Firstly, a sports club or club for out-door activities? MemberREAD OUT EACH ORGANISATION IN TURN. PROBE:'Which others?' CODE ALL THAT APPLY FOR EACH ORGANISATION",,ESS1e06_7,2002-06-01
sptcvw,"Sports/outdoor activity club, last 12 months: voluntary work: CARD 43For each of the voluntary organisations I will now mention, please use this card to tell me whether any of these things apply to you now or in the last 12 months, and, if so, which. ...Firstly, a sports club or club for out-door activities? Voluntary workREAD OUT EACH ORGANISATION IN TURN. PROBE:'Which others?' CODE ALL THAT APPLY FOR EACH ORGANISATION",,ESS1e06_7,2002-06-01
stfedu,"State of education in country nowadays: CARD 13Now, using this card, please say what you think overall about the state of education in [country] nowadays?",,ESS11e04_1,2023-06-01
stpldmi,"Important for democracy: government sticks to policies regardless of what most people think: ASK IF GOVERNMENT SHOULD STICK TO ITS PLANNED POLICIES AT D25 (IF D25 = 2)
CARD 40How important do you think it is for democracy in general that the government sticks to its planned policies regardless of what most people think?Please use this card.",,ESS10e03_3,2020-06-01
testic34,"Imagine large numbers of people limit energy use, how likely reduce climate change: ASK IF GROUP 1 AT C33 (IF C33 = 1) 
CARD 32Now imagine that large numbers of people limited their energy use. How likely do you think it is that this would reduce climate change?",,ESS10e03_3,2020-06-01
testic35,"How likely, large numbers of people limit energy use: STILL CARD 32How likely do you think it is that large numbers of people will actually limit their energy use to try to reduce climate change?",,ESS10e03_3,2020-06-01
testic36,"How likely, governments in enough countries take action to reduce climate change: STILL CARD 32And how likely do you think it is that governments  in enough countries will take action that reduces climate change?",,ESS10e03_3,2020-06-01
testic37,"Imagine large numbers of people limit energy use, how likely reduce climate change: ASK IF GROUP 2 AT C33 (IF C33 = 2)
CARD 33Now imagine that large numbers of people limited their energy use. How likely do you think it is that this would reduce climate change?",,ESS10e03_3,2020-06-01
testic38,"How likely, large numbers of people limit energy use: STILL CARD 33How likely do you think it is that large numbers of people will actually limit their energy use to try to reduce climate change?",,ESS10e03_3,2020-06-01
testic39,"How likely, governments in enough countries take action to reduce climate change: STILL CARD 33And how likely do you think it is that governments  in enough countries will take action that reduces climate change?",,ESS10e03_3,2020-06-01
testic40,"Imagine large numbers of people limit energy use, how likely reduce climate change: ASK IF GROUP 3 AT C33 (IF C33 = 3)
CARD 34Now imagine that large numbers of people limited their energy use. How likely do you think it is that this would reduce climate change?",,ESS10e03_3,2020-06-01
testic41,"How likely, large numbers of people limit energy use: STILL CARD 34How likely do you think it is that large numbers of people will actually limit their energy use to try to reduce climate change?",,ESS10e03_3,2020-06-01
testic42,"How likely, governments in enough countries take action to reduce climate change: STILL CARD 34And how likely do you think it is that governments in enough countries will take action that reduces climate change?",,ESS10e03_3,2020-06-01
testii1,"Imagine large numbers of people limit energy use, how likely reduce climate change: ASK IF GROUP 1 AT C33 (IF C33 = 1)
To help us improve our questions in the future, here are some questions which are similar to previous ones. Please don’t try to remember what you answered before but treat them as if they were completely new questions.
CARD 86Now imagine that large numbers of people limited their energy use. How likely do you think it is that this would reduce climate change?",,ESS10e03_3,2020-06-01
testii2,"How likely, large numbers of people limit energy use: STILL CARD 86How likely do you think it is that large numbers of people will actually limit their energy use to try to reduce climate change?",,ESS10e03_3,2020-06-01
testii3,"How likely, governments in enough countries take action to reduce climate change: STILL CARD 86And how likely do you think it is that governments  in enough countries will take action that reduces climate change?",,ESS10e03_3,2020-06-01
testii4,"Imagine large numbers of people limit energy use, how likely reduce climate change: ASK IF GROUP 2 AT C33 (IF C33 = 2)
To help us improve our questions in the future, here are some questions which are similar to previous ones. Please don’t try to remember what you answered before but treat them as if they  were completely new questions.
CARD 87Now imagine that large numbers of people limited their energy use. How likely do you think it is that this would reduce climate change?",,ESS10e03_3,2020-06-01
testii5,"How likely, large numbers of people limit energy use: STILL CARD 87How likely do you think it is that large numbers of people will actually limit their energy use to try to reduce climate change?",,ESS10e03_3,2020-06-01
testii6,"How likely, governments in enough countries take action to reduce climate change: STILL CARD 87And how likely do you think it is that governments in enough countries will take action that reduces climate change?",,ESS10e03_3,2020-06-01
testii7,"Imagine large numbers of people limit energy use, how likely reduce climate change: ASK IF GROUP 3 AT C33 (IF C33 = 3) 
To help us improve our questions in the future, here are some questions which are similar to previous ones. Please don’t try to remember what you answered before but treat them as if they were completely new questions.
CARD 88Now imagine that large numbers of people limited their energy use. How likely do you think it is that this would reduce climate change?",,ESS10e03_3,2020-06-01
testii8,"How likely, large numbers of people limit energy use: STILL CARD 88How likely do you think it is that large numbers of people will actually limit their energy use to try to reduce climate change?",,ESS10e03_3,2020-06-01
testii9,"How likely, governments in enough countries take action to reduce climate change: STILL CARD 88And how likely do you think it is that governments  in enough countries will take action that reduces climate change?",,ESS10e03_3,2020-06-01
testjc34,"Imagine large numbers of people limit energy use, how likely reduce climate change: CARD 30Now imagine that large numbers of people limited their energy use. How likely do you think it is that this would reduce climate change?",,ESS11e04_1,2023-06-01
testjc35,"How likely, large numbers of people limit energy use: STILL CARD 30How likely do you think it is that large numbers of people will actually limit their energy use to try to reduce climate change?",,ESS11e04_1,2023-06-01
testjc36,"How likely, governments in enough countries take action to reduce climate change: STILL CARD 30And how likely do you think it is that governments in enough countries40 will take action that reduces climate change?",,ESS11e04_1,2023-06-01
testjc37,"Imagine large numbers of people limit energy use, how likely reduce climate change: CARD 31Now imagine that large numbers of people limited their energy use. How likely do you think it is that this would reduce climate change?",,ESS11e04_1,2023-06-01
testjc38,"How likely, large numbers of  people limit energy use: STILL CARD 31How likely do you think it is that large numbers of people will actually limit their energy use to try to reduce climate change?",,ESS11e04_1,2023-06-01
testjc39,"How likely, governments in enough countries take action to reduce climate change: STILL CARD 31And how likely do you think it is that governments in enough countries will take action that reduces climate change?",,ESS11e04_1,2023-06-01
testjc40,"Imagine large numbers of people limit energy use, how likely reduce climate change: CARD 32Now imagine that large numbers of people limited their energy use. How likely do you think it is that this would reduce climate change?",,ESS11e04_1,2023-06-01
testjc41,"How likely, large numbers of people limit energy use: STILL CARD 32How likely do you think it is that large numbers of people will actually limit their energy use to try to reduce climate change?",,ESS11e04_1,2023-06-01
testjc42,"How likely, governments in enough countries take action to reduce climate change: STILL CARD 32And how likely do you think it is that governments in enough countries will take action that reduces climate change?",,ESS11e04_1,2023-06-01
testji1,"Imagine large numbers of people limit energy use, how likely reduce climate change: To help us improve our questions in the future, here are some questions which are similar to previous ones. Please don't try to remember what you answered before but treat them as if they were completely new questions.
CARD 90Now imagine that large numbers of people limited their energy use. How likely do you think it is that this would reduce climate change?",,ESS11e04_1,2023-06-01
testji2,"How likely, large numbers of people limit energy use: STILL CARD 90How likely do you think it is that large numbers of people will actually limit their energy use to try to reduce climate change?",,ESS11e04_1,2023-06-01
testji3,"How likely, governments in enough countries take action to reduce climate change: STILL CARD 90And how likely do you think it is that governments in enough countries will take action that reduces climate change?",,ESS11e04_1,2023-06-01
testji4,"Imagine large numbers of people limit energy use, how likely reduce climate change: To help us improve our questions in the future, here are some questions which are similar to previous ones. Please don't try to remember what you answered before but treat them as if they were completely new questions.
CARD 91Now imagine that large numbers of people limited their energy use. How likely do you think it is that this would reduce climate change?",,ESS11e04_1,2023-06-01
testji5,"How likely, large numbers of people limit energy use: STILL CARD 91How likely do you think it is that large numbers of people will actually limit their energy use to try to reduce climate change?",,ESS11e04_1,2023-06-01
testji6,"How likely, governments in enough countries take action to reduce climate change: STILL CARD 91And how likely do you think it is that governments in enough countries will take action that reduces climate change?",,ESS11e04_1,2023-06-01
testji7,"Imagine large numbers of people limit energy use, how likely reduce climate change: To help us improve our questions in the future, here are some questions which are similar to previous ones. Please don't try to remember what you answered before but treat them as if they were completely new questions.
CARD 92Now imagine that large numbers of people limited their energy use. How likely do you think it is that this would reduce climate change?",,ESS11e04_1,2023-06-01
testji8,"How likely, large numbers of  people limit energy use: STILL CARD 92How likely do you think it is that large numbers of people will actually limit their energy use to try to reduce climate change?",,ESS11e04_1,2023-06-01
testji9,"How likely, governments in enough countries take action to reduce climate change: STILL CARD 92And how likely do you think it is that governments in enough countries40 will take action that reduces climate change?",,ESS11e04_1,2023-06-01
trfoct,"How likely to be caught if committed traffic offence: CARD 26Now just suppose you were to do any of these things in [country]. Using this card, please tell me how likely it is that you would be caught and punished if you... ...committed a traffic offence like speeding or crossing a red light?READ OUT...",,ESS5e03_6,2010-06-01
trfowr,How wrong to commit traffic offence: CARD 25Using this card please tell me how wrong it is to... ...commit a traffic offence like speeding or crossing a red light?READ OUT...,,ESS5e03_6,2010-06-01
trrenyr,How likely terrorist attack in Europe during next twelve months: ASK ALLDo you think that a terrorist attack somewhere in Europe during the next twelve months is?READ OUT...,,ESS4e04_6,2008-06-01
trrprsn,"Terrorist suspect in prison until police satisfied: READ OUT EACH STATEMENT AND CODE IN GRIDUsing this card, please say how much you agree or disagree with each of these statements If a man is suspected of planning a terrorist attack in [COUNTRY], the police should have the power to keep him in prison until they are satisfied he was not involved.",,ESS4e04_6,2008-06-01
trstep,"Trust in the European Parliament: CARD 9Using this card, please tell me on a score of 0-10 how much you personally trust each of the institutions I read out. 0 means you do not trust an institution at all, and 10 means you have complete trust. Firstly... ...the European Parliament?READ OUT...",,ESS11e04_1,2023-06-01
trummb,"Trade union, last 12 months: member: CARD 43For each of the voluntary organisations I will now mention, please use this card to tell me whether any of these things apply to you now or in the last 12 months, and, if so, which. ...a trade union? MemberREAD OUT EACH ORGANISATION IN TURN. PROBE:'Which others?' CODE ALL THAT APPLY FOR EACH ORGANISATION",,ESS1e06_7,2002-06-01
trunn,"Trade union, last 12 months: none apply: CARD 43For each of the voluntary organisations I will now mention, please use this card to tell me whether any of these things apply to you now or in the last 12 months, and, if so, which. ...a trade union? NoneREAD OUT EACH ORGANISATION IN TURN. PROBE:'Which others?' CODE ALL THAT APPLY FOR EACH ORGANISATION",,ESS1e06_7,2002-06-01
trwkcnt,"Women/men: treated equally fairly in hiring, pay or promotions at work in [country]: STILL CARD 58And what about in hiring, pay or promotions at work?",,ESS11e04_1,2023-06-01
txadleq,"Tax authorities give special advantages or deal with everyone equally: STILL CARD 32And using the same card, please tell me whether you think the tax authorities in [country] give special advantages to certain people or deal with everyone equally?",,ESS4e04_6,2008-06-01
txautef,"Tax authorities, how efficient in doing their job: STILL CARD 31And how efficient do you think the tax authorities are at things like handling queries on time, avoiding mistakes and preventing fraud? Please use this card where 0 means they are extremely inefficient in doing their job and 10 means they are extremely efficient.",,ESS4e04_6,2008-06-01
vacc19,Respondent received at least one dose of a vaccine against coronavirus approved by the national regulatory authority in [country]?: Have you received at least one dose of a vaccine against coronavirus?,,ESS11e04_1,2023-06-01
votedir,"Citizens have the final say on political issues by voting directly in referendums: ASK ALL 
CARD 35Using this card, please tell me how important you think it is for democracy in general... ...that citizens have the final say on the most important political issues by voting on them directly in referendums?READ OUT...",,ESS10e03_3,2020-06-01
votedirc,"In country citizens have the final say on political issues by voting directly in referendums: CARD 36Using this card, please tell me to what extent you think each of the following statements applies in [country].  0 means you think the statement does not apply at all and 10 means you think it applies completely. Citizens in [country] have the final say on the most important political issues by voting on them directly in referendums.READ OUT EACH STATEMENT",,ESS10e03_3,2020-06-01
vteubcmb,"Would vote for [country] to become member of European Union or remain outside: ASK ALL 
Now a question on a different topic.Imagine there were a referendum in [country] tomorrow about membership of the European Union. Would you vote for [country] to become a member of the European Union or to remain outside the European Union?",,ESS11e04_1,2023-06-01
vteumbgb,"Would vote for [country] to remain member of European Union or leave, United Kingdom: Now we want to ask you a few questions on the EU referendum that was held in the United Kingdom in June 2016. This referendum was on whether the UK should remain a member of the European Union or leave the European Union.If there were to be a new referendum tomorrow, would you vote for the UK to remain a member of the European Union or leave the European Union? (United Kingdom)",,ESS9e03_3,2018-06-01
wevdct,How willing to give evidence in court against the accused: And how willing would you be to give evidence in court against the accused? Would you be...READ OUT...,,ESS5e03_6,2010-06-01
wexashr,"How often women exaggerate claims of sexual harassment in the workplace: CARD 66Now using this card, in your opinion, how often do women exaggerate claims of sexual harassment in the workplace?",,ESS11e04_1,2023-06-01
wlespdm,"How often women paid less than men for same work in [country]: STILL CARD 65Still using this card, in your opinion, how often are women paid less than men for the same work in [country]?",,ESS11e04_1,2023-06-01
wmcpwrk,"Women should be prepared to cut down on paid work for sake of family: CARD 68I am now going to read out some statements about men and women and their place in the family. Using this card, please tell me how much you agree or disagree with the following statements. A woman should be prepared to cut down on her paid work for the sake of her family.",,ESS5e03_6,2010-06-01
wpmwkcp,"Regular meetings between representatives of employer and employees at workplace: At your workplace are there regular meetings between representatives of the employer and employees, in which working conditions and practices can be discussed?",,ESS5e03_6,2010-06-01
wprtbym,"Women should be protected by men: CARD 67Now using this card, how much do you agree or disagree that women should be protected by men?",,ESS11e04_1,2023-06-01
wrclmch,How worried about climate change: CARD 31How worried are you about climate change?,,ESS11e04_1,2023-06-01
wrdpfos,"How worried, [country] too dependent on fossil fuels: STILL CARD 36How worried are you about [country] being too dependent on using energy generated by fossil fuels such as oil, gas and coal?",,ESS8e02_3,2016-06-01
wrdpimp,"How worried, [country] too dependent on energy imports: STILL CARD 36How worried are you about [country] being too dependent on energy imports from other countries?",,ESS8e02_3,2016-06-01
